file,title,doi,pages,chars
Abdelrahim 2025 A Continental-Scale tracking for mobile drought dynamics across Africa using Multivariate drought Index Fusion.pdf,A Continental-Scale tracking for mobile drought dynamics across Africa using Multivariate drought Index Fusion,10.1016/j.jag.2025.104917,15,83237
Akcapınar 2024- Yield prediction models for some wheat varieties with satellite‐based drought.pdf,Yield prediction models for some wheat varieties with satellite‐based drought indices and machine learning algorithms,10.1002/ird.2989,14,40529
Aravinth 2026 A_Deep_Learning_Model_for_Integrating_Landsat-8_and_Sentinel_2_Satellite_Images_to_Improve_the_Spatiotemporal_Fusion_Network_for_Drought_Monitoring.pdf,A Deep Learning Model for Integrating Landsat-8 and Sentinel 2 Satellite Images to Improve the Spatiotemporal Fusion Network for Drought Monitoring,10.1109/JSTARS.2025.3637223,16,62817
Bachmair 2015 A quantitative analysis to objectively appraise drought indicators and model drought impacts.pdf,,10.5194/hess-20-2589-2016,21,90601
Bayissa 2019 Developing a satellite-based combined drought indicator to monitor agricultural drought.pdf,Developing a satellite-based combined drought indicator to monitor agricultural drought: a case stud,10.1080/15481603.2018.1552508,32,76108
"Bouras 2021 - Cereal Yield Forecasting with Satellite Drought-Based Indices, Weather Data and Regional Climate Indices Using Machine Learning.pdf","Cereal Yield Forecasting with Satellite Drought-Based Indices, Weather Data and Regional Climate Indices Using Machine Learning in Morocco",10.3390/rs13163101,21,79084
Bradford 2020- Robust ecological drought projections for drylands in the 21st century.pdf,Robust ecological drought projections for drylands in the 21st century,10.1111/gcb.15075,14,77875
Brown 2008 The Vegetation Drought Response Index (VegDRI).pdf,The Vegetation Drought Response Index (VegDRI): A New Integrated Approach for Monitoring Drought Str,10.2747/1548-1603.45.1.16,32,86266
Canto 2012 Development of a Combined Drought Indicator to detect agricultural drought in Europe.pdf,,10.5194/nhess-12-3519-2012,13,57286
Chen 2025 A novel agricultural drought index based on multi-source remote sensing data and interpretable machine learning.pdf,A novel agricultural drought index based on multi-source remote sensing data and interpretable machine learning,10.1016/j.agwat.2025.109303,18,81251
Crausbay 2017 Defining Ecological Drought.pdf,,10.1175/BAMS-D-16-0292.1,8,32758
Dong 2026 - Integrated drought monitoring and analysis A novel framework based on multi-source remote sensing data and ensemble machine learning.pdf,Integrated drought monitoring and analysis: A novel framework based on multi-source remote sensing data and ensemble machine learning,10.1371/journal.pone.0346060,23,69374
Du 2026 Three-dimensional spatio-temporal propagation dynamics from soil moisture.pdf,Three-dimensional spatio-temporal propagation dynamics from soil moisture to vegetation droughts across different eco-geographical regions of China,10.1016/j.ejrh.2026.103786,25,129293
Faiz 2026 Global composite drought indices for investigating the effects of climate-driven drought on major crop water requirements.pdf,SCES-2025-0282-own 1..13,10.1007/s11430-025-1824-5,13,57992
Fan 2026 Driving mechanisms and nonlinear responses of ecological drought in Northern.pdf,Driving mechanisms and nonlinear responses of ecological drought in Northern China's Agro-Pastoral Ecotone,10.1016/j.ejrh.2026.103174,20,92200
Ghosh 2024 Machine learning algorithms for merging satellite‑based precipitation.pdf,Machine learning algorithms for merging satellite-based precipitation products and their application on meteorological drought monitoring over Kenya,10.1007/s00382-023-06893-6,24,86784
Guan 2025 - Study of the Correlation Between Water Resource Changes and Drought Indices in the Yinchuan Plain Based.pdf,Study of the Correlation Between Water Resource Changes and Drought Indices in the Yinchuan Plain Based on Multi-Source Remote Sensing and Deep Learning,10.3390/w17182740,18,56404
Gumus 2023 Monitoring drought dynamics using remote sensing-based combined drought index in Ergene Basin.pdf,degruyter_geo_geo-2022-0594 1..15 ++,10.1515/geo-2022-0594,15,56610
Gupta 2024- Role of Initial Conditions and Meteorological Drought in Soil Moisture Drought Propagation.pdf,Role of Initial Conditions and Meteorological Drought in Soil Moisture Drought Propagation: An Event‐Based Causal Analysis Over South Asia,10.1029/2024EF004674,21,85243
Hammond 2022 Global field observations of tree die-off reveal.pdf,Global field observations of tree die-off reveal hotter-drought fingerprint for Earth⠒s forests,10.1038/s41467-022-29289-2,11,65205
Han 2019 A combined drought monitoring index based on multi-sensor remote sensing data and machine learning.pdf,A combined drought monitoring index based on multi-sensor remote sensing data and machine learning,10.1080/10106049.2019.1633423,19,47190
Hao 2013 Global integrated drought monitoring and prediction system.pdf,Global integrated drought monitoring and prediction system,10.1038/sdata.2014.1,10,32564
Huang 2026 - A XGBoost-based composite drought index combining multi-source remote sensing data for drought monitoring in China.pdf,A XGBoost-based composite drought index combining multi-source remote sensing data for drought monitoring in China,10.1016/j.ejrh.2026.103623,25,114525
Jahanabaksh 2025 Monitoring and forecasting agricultural drought in Golestan Province.pdf,"Monitoring and forecasting agricultural drought in Golestan Province, Iran (2001–2028): an integrated approach using remote sensing and machine learning",10.1016/j.asr.2025.11.113,25,94529
Jiang 2021 A novel index for ecological drought monitoring based on ecological water deficit.pdf,A novel index for ecological drought monitoring based on ecological water deficit,10.1016/j.ecolind.2021.107804,12,63223
Karimi 2022 Meteoroligcal and agricultural drought monitoring.pdf,Meteorological and agricultural drought monitoring in Southwest of Iran using a remote sensing-based combined drought index,10.1007/s00477-022-02220-3,19,64800
Keune 2025 ERA5–Drought.pdf,ERA5–Drought: Global drought indices based on ECMWF reanalysis,10.1038/s41597-025-04896-y,13,62170
Kim 2022 Integrated Drought Monitoring and Evaluation through Multi-Sensor Satellite-Based Statistical Simulation.pdf,Integrated Drought Monitoring and Evaluation through Multi-Sensor Satellite-Based Statistical Simulation,10.3390/rs13020272,18,48034
Kraft 2019 Identifying Dynamic Memory Effects.pdf,Identifying Dynamic Memory Effects on Vegetation State Using Recurrent Neural Networks,10.3389/fdata.2019.00031,14,65845
Kulkarni 2020 Developing a Remote Sensing-Based Combined Drought Indicator Approach for Agricultural Drought.pdf,,10.3390/rs12132091,25,72449
Kumar 2020 Integrated drought monitoring index.pdf,,10.1016/j.asr.2020.10.003,18,65682
"Li 2019 A Global, 0.05-Degree Product of Solar-Induced.pdf",,10.3390/rs11050517,24,76240
Li 2023 - Remote Sensing Monitoring of Drought in Southwest China Using Random Forest and eXtreme Gradient Boosting Methods.pdf,Remote Sensing Monitoring of Drought in Southwest China Using Random Forest and eXtreme Gradient Boosting Methods,10.3390/rs15194840,26,106114
Liang 2021 Critical Role of Soil Moisture Memory in Predicting the 2012 Central United States Flash Drought.pdf,feart-2021-615969 1..10,10.3389/feart.2021.615969,10,35404
Liu 2019 A remote sensing and artifical neural network based integration agricultural drought index.pdf,A remote sensing and artificial neural network-based integrated agricultural drought index_ Index development and applications,10.1016/j.catena.2019.104394,9,36440
Liu 2020 Monitoringdroughtusingcompositedroughtindicesbasedonremote sensing.pdf,,10.1016/j.scitotenv.2019.134585,11,43595
Lizumi 2020 The global dataset of historical.pdf,The global dataset of historical yields for major crops 1981–2016,10.1038/s41597-020-0433-7,7,29324
Lu 2026 Unveiling the potential of kernel normalized difference vegetation index in evaluating vegetation drought dynamics.pdf,Unveiling the potential of kernel normalized difference vegetation index in evaluating vegetation drought dynamics,10.1016/j.rsase.2026.102281,17,65572
Marj 2011 Agricultural drought forecasting using satellite images climate indices and artificial neural network.pdf,"Agricultural drought forecasting using satellite images, climate indices and artificial neural netwo",10.1080/01431161.2011.575896,14,41015
Meng 2016 Drought monitoring using an Integrated Drought Condition Index.pdf,Drought monitoring using an Integrated Drought Condition Index (IDCI) derived from multi-sensor remote sensing data,10.1007/s11069-015-2014-1,19,45378
Mikhael 2025 - Integration of remote sensing and machine learning algorithm for agricultural drought early warning.pdf,"Integration of remote sensing and machine learning algorithm for agricultural drought early warning over Genale Dawa river basin, Ethiopia",10.1007/s10661-025-13708-0,26,95908
Mondal 2026 Advancements in Spatio-temporal agricultural drought monitoring and modeling.pdf,,10.1007/s00704-026-06136-8,29,154984
Mouafik 2024 -Machine Learning Methods for Predicting Argania spinosa Crop Yield and Leaf Area Index A Combined Drought Index Approach from Multisource Remote Sensing Data.pdf,Machine Learning Methods for Predicting Argania spinosa Crop Yield and Leaf Area Index: A Combined Drought Index Approach from Multisource Remote Sensing Data,10.3390/agriengineering6030134,23,72878
Mukhawana 2023 Review of In-Situ and Remote Sensing-Based Indices and Their Applicability for Integrated Drought Monitoring in South Africa.pdf,Review of In-Situ and Remote Sensing-Based Indices and Their Applicability for Integrated Drought Monitoring in South Africa,10.3390/w15020240,30,124556
Pandya 2024 - Early crop yield prediction for agricultural drought monitoring using drought indices remote sensing and machine learning techniques.pdf,untitled,10.2166/wcc.2023.386,18,64421
Prodhan 2021 Deep Learning for Monitoring Agricultural Drought in South Asia Using Remote Sensing Data.pdf,Deep Learning for Monitoring Agricultural Drought in South Asia Using Remote Sensing Data,10.3390/rs13091715,28,87841
Qaraghuli 2026 - New multivariate composite remote sensing drought index based on machine learning and geospatial techniques insights from Northern Iraq.pdf,"New multivariate composite remote sensing drought index based on machine learning and geospatial techniques, insights from Northern Iraq",10.1016/j.ejrh.2026.103211,22,82065
Qiu Spatiotemporal pattern of terrestrial ecological drought based on ecological water deficit in the Yellow River Basin.pdf,Spatiotemporal pattern of terrestrial ecological drought based on ecological water deficit in the Yellow River Basin,10.2166/nh.2025.054,23,72696
Reichstein 2019 Deep learning and process understanding.pdf,Deep learning and process understanding for data-driven Earth system science,10.1038/s41586-019-0912-1,10,78867
Sadiq 2023 Meteorological drought assessment in northern Bangladesh.pdf,Meteorological drought assessment in northern Bangladesh: A machine learning-based approach considering remote sensing indices,10.1016/j.ecolind.2023.111233,17,92562
Salau 2025 Drought monitoring using Enhanced Soil Moisture Drought Index.pdf,Drought monitoring using Enhanced Soil Moisture Drought Index (ESMDI) downscaled with deep learning from multi-satellite data for achieving food and water security,10.1016/j.pce.2025.104165,20,98731
Sawada 2018 Quantifying Drought Propagation from Soil Moisture to Vegetation Dynamics Using a Newly Developed Ecohydrological Land Reanalysis.pdf,,10.3390/rs10081197,20,66955
Seo 2019 - Spatio-Temporal Groundwater Drought Monitoring Using Multi-Satellite Data Based on an Artificial Neural Network.pdf,,10.3390/w11091953,19,50346
Seo 2023 Probabilistic_Evaluation_of_Drought_Propagation_Using_Satellite_Data_and_Deep_Learning_Model_From_Precipitation_to_Soil_Moisture_and_Groundwater.pdf,Probabilistic Evaluation of Drought Propagation Using Satellite Data and Deep Learning Model: From Precipitation to Soil Moisture and Groundwater,10.1109/JSTARS.2023.3290685,14,57532
Sergio 2009 Multiscalar Drought Index Sensitive to Global Warming The Standardized.pdf,jcli2909 1696..1718,10.1175/2009JCLI2909.1,23,62798
Shen 2019 Construction of a drought monitoring model using deep learning based on multi-source.pdf,Construction of a drought monitoring model using deep learning based on multi-source remote sensing data,10.1016/j.jag.2019.03.006,11,52685
Soboda 2002 The drought monitor.pdf,,,10,530
Srimali 2025 Impact of Spatio temporal.pdf,Impact of Spatio-Temporal Variability of Droughts on Streamflow: A Remote-Sensing Approach Integrating Combined Drought Index,10.3390/hydrology12060142,27,78678
Suharso 2022 - The Role of Machine Learning in Remote Sensing for Agriculture Drought Monitoring.pdf,,,8,42067
Talebi 2024 Integration of machine learning and remote senisng.pdf,Integration of machine learning and remote sensing for drought index prediction: A framework for water resource crisis management,10.1007/s12145-024-01437-w,21,74200
Thomas 2021 Acontribution to drought resilience in East Africa through groundwater pump monitoring informed.pdf,"A contribution to drought resilience in East Africa through groundwater pump monitoring informed by in-situ instrumentation, remote sensing and ensemble machine learning",10.1016/j.scitotenv.2021.146486,10,63894
"Tian 2022_A novel comprehensive agricultural drought index reflecting time lag of soil moisture to meteorology_ A case study in the Yangtze River basin, China.pdf","A novel comprehensive agricultural drought index reflecting time lag of soil moisture to meteorology: A case study in the Yangtze River basin, China",10.1016/j.catena.2021.105804,13,67536
Valls 2021 A unified vegetation index for quantifying.pdf,A unified vegetation index for quantifying the terrestrial biosphere,,11,52814
Wang 2023 A framework for identifying propagation from meteorological to ecological drought events.pdf,A framework for identifying propagation from meteorological to ecological drought events,10.1016/j.jhydrol.2023.130142,12,57479
Wang 2024 Comparison between Satellite Derived Solar-Induced.pdf,"Comparison between Satellite Derived Solar-Induced Chlorophyll Fluorescence, NDVI and kNDVI in Detecting Water Stress for Dense Vegetation across Southern China",10.3390/rs16101735,19,67120
Wang 2026 Propagation Characteristics of Soil Moisture Drought to Hydrological Drought by Spatial Zoning and Dynamic Bayesian Network.pdf,Propagation Characteristics of Soil Moisture Drought to Hydrological Drought by Spatial Zoning and Dynamic Bayesian Network,10.1109/JSTARS.2026.3723409,16,81018
"Wang 2026 Spatiotemporal patterns of meteorological-soil moisture drought propagation on the Qinghai-Xizang Plateau, China.pdf","Spatiotemporal patterns of meteorological–soil moisture drought propagation on the Qinghai-Xizang Plateau, China",10.1016/j.jaridl.2026.05.003,19,63537
Water Resources Research - 2022 - Li - The Peer‐To‐Peer Type Propagation From Meteorological Drought to Soil Moisture.pdf,The Peer‐To‐Peer Type Propagation From Meteorological Drought to Soil Moisture Drought Occurs in Areas With Strong Land‐Atmosphere Interaction,10.1029/2022WR032846,14,66222
Wei 2023 Drought-Related Spatiotemporal Cumulative and Time-Lag Effects on Terrestrial Vegetation across China.pdf,Drought-Related Spatiotemporal Cumulative and Time-Lag Effects on Terrestrial Vegetation across China,10.3390/rs15184362,15,42933
Won 2023 Ecological Drought Condition Index to Monitor Vegetation Response to Meteorological Drought in Korean Peninsula.pdf,Ecological Drought Condition Index to Monitor Vegetation Response to Meteorological Drought in Korean Peninsula,10.3390/rs15020337,22,71187
"Xu 2020 Continental drought monitoring using satellite soil moisture, data assimilation and an integrated drought index.pdf","Continental drought monitoring using satellite soil moisture, data assimilation and an integrated drought index",10.1016/j.rse.2020.112028,17,85332
Xu 2023 Evaluating established deep learning methods in constructing integrated remote sensing drought index.pdf,Evaluating established deep learning methods in constructing integrated remote sensing drought index: A case study in China,10.1016/j.agwat.2023.108405,16,86555
Xu 2024 The high spatial resolution Drought Response Index (HiDRI).pdf,"The high spatial resolution Drought Response Index (HiDRI): An integrated framework for monitoring vegetation drought with remote sensing, deep learning, and spatiotemporal fusion",10.1016/j.rse.2024.114324,23,106403
Xu 2024 Unleashing the power of machine learning and remote sensing for robust seasonal drought monitoring.pdf,Unleashing the power of machine learning and remote sensing for robust seasonal drought monitoring: A stacking ensemble approach,10.1016/j.jhydrol.2024.131102,14,66680
Xu 2026 Time-lag and cumulative drought effects decouple vegetation sensitivity from damage risk in the upper Yangtze River basin.pdf,Time-lag and cumulative drought effects decouple vegetation sensitivity from damage risk in the upper Yangtze River basin,10.1016/j.ecolind.2026.114739,13,71596
Yin 2018 - A Method for Objectively Integrating Soil Moisture Satellite Observations and Model.pdf,A Method for Objectively Integrating Soil Moisture Satellite Observations and Model Simulations Toward a Blended Drought Index,10.1029/2017WR021959,20,70332
Yuan 2025 A global drought dataset for Multivariate Composite Drought Index (MCDI) and its constituent drought indices.pdf,A global drought dataset for Multivariate Composite Drought Index (MCDI) and its constituent drought indices,10.1038/s41597-025-06320-x,15,62505
"Zhan 2022 Drought-related cumulative and time-lag effects on vegetation dynamics across the Yellow River Basin, China.pdf","Drought-related cumulative and time-lag effects on vegetation dynamics across the Yellow River Basin, China",10.1016/j.ecolind.2022.109409,10,59130
Zhang 2023 A global near real-time dataset of Microwave Integrated Drought Index from the Fengyun-3 satellites.pdf,A global near real-time dataset of Microwave Integrated Drought Index from the Fengyun-3 satellites,10.1038/s41597-025-04935-8,14,58150
Zhang 2024 Temporal and spatial characteristics of ecological drought in the Inland River Basin and its driving factors.pdf,,10.1038/s41598-024-76988-5,18,68262
Zhao 2020 Evaluating the cumulative and time-lag effects of drought on grassland vegetation A case study in the Chinese Loess Plateau.pdf,Evaluating the cumulative and time-lag effects of drought on grassland vegetation: A case study in the Chinese Loess Plateau,10.1016/j.jenvman.2020.110214,8,46325
Zhao 2022 Drought Monitoring and Performance Evaluation Based on Machine Learning Fusion of Multi-Source Remote Sensing Drought Factors.pdf,Drought Monitoring and Performance Evaluation Based on Machine Learning Fusion of Multi-Source Remote Sensing Drought Factors,10.3390/rs14246398,21,67098
Zhao 2026- Ecological drought patterns and drivers in Inner Mongolia using a modified temperature vegetation.pdf,Ecological drought patterns and drivers in Inner Mongolia using a modified temperature vegetation drought index,10.1002/ecs2.70600,23,79377
Zhu 2021 A global perspective on the probability of propagation of drought From meteorological to soil moisture.pdf,A global perspective on the probability of propagation of drought: From meteorological to soil moisture,,48,80821
Zhu 2024 Three-dimensionalecologicaldrought identificationandevaluation methodconsidering.pdf,Three-dimensional ecological drought identification and evaluation method considering eco-physiological status of terrestrial ecosystems,10.1016/j.scitotenv.2024.175423,13,64980
Zhu 2025 Ecological drought is globally driven by soil characteristics rather than climate aridity.pdf,Ecological drought is globally driven by soil characteristics rather than climate aridity,10.1016/j.jhydrol.2025.132799,7,45373
Zu 2026 Initial soil moisture conditions dominate variation in event-scale propagation time from meteorological to agricultural drought.pdf,Initial soil moisture conditions dominate variation in event-scale propagation time from meteorological to agricultural drought,10.1016/j.agwat.2026.110128,19,97748
